,Happiness Rank,Country,Region,Happiness Score,Economy (GDP per Capita),Social support,Healthy life expectancy,Freedom to make life choices,Generosity,Perceptions of corruption,Year
0,1,Finland,Western Europe,7.632,1.305,1.592,0.874,0.681,0.202,0.393,2018
1,2,Norway,Western Europe,7.594,1.456,1.582,0.861,0.686,0.286,0.34,2018
2,3,Denmark,Western Europe,7.555,1.351,1.59,0.868,0.683,0.284,0.408,2018
3,4,Iceland,Western Europe,7.495,1.343,1.644,0.914,0.677,0.353,0.138,2018
4,5,Switzerland,Western Europe,7.487,1.42,1.549,0.927,0.66,0.256,0.357,2018
5,6,Netherlands,Western Europe,7.441,1.361,1.488,0.878,0.638,0.333,0.295,2018
6,7,Canada,North America,7.328,1.33,1.532,0.896,0.653,0.321,0.291,2018
7,8,New Zealand,Australia and New Zealand,7.324,1.268,1.601,0.876,0.669,0.365,0.389,2018
8,9,Sweden,Western Europe,7.314,1.355,1.501,0.913,0.659,0.285,0.383,2018
9,10,Australia,Australia and New Zealand,7.272,1.34,1.573,0.91,0.647,0.361,0.302,2018
10,11,United Kingdom,Western Europe,7.19,1.244,1.433,0.888,0.464,0.262,0.082,2018
11,12,Austria,Western Europe,7.139,1.341,1.504,0.891,0.617,0.242,0.224,2018
12,13,Costa Rica,Latin America and Caribbean,7.072,1.01,1.459,0.817,0.632,0.143,0.101,2018
13,14,Ireland,Western Europe,6.977,1.448,1.583,0.876,0.614,0.307,0.306,2018
14,15,Germany,Western Europe,6.965,1.34,1.474,0.861,0.586,0.273,0.28,2018
15,16,Belgium,Western Europe,6.927,1.324,1.483,0.894,0.583,0.188,0.24,2018
16,17,Luxembourg,Western Europe,6.91,1.576,1.52,0.896,0.632,0.196,0.321,2018
17,18,United States,North America,6.886,1.398,1.471,0.819,0.547,0.291,0.133,2018
18,19,Israel,Middle East and Northern Africa,6.814,1.301,1.559,0.883,0.533,0.354,0.272,2018
20,21,Czech Republic,Central and Eastern Europe,6.711,1.233,1.489,0.854,0.543,0.064,0.034,2018
21,22,Malta,Western Europe,6.627,1.27,1.525,0.884,0.645,0.376,0.142,2018
22,23,France,Western Europe,6.489,1.293,1.466,0.908,0.52,0.098,0.176,2018
23,24,Mexico,Latin America and Caribbean,6.488,1.038,1.252,0.761,0.479,0.069,0.095,2018
24,25,Chile,Latin America and Caribbean,6.476,1.131,1.331,0.808,0.431,0.197,0.061,2018
25,26,Taiwan,Eastern Asia,6.441,1.365,1.436,0.857,0.418,0.151,0.078,2018
26,27,Panama,Latin America and Caribbean,6.43,1.112,1.438,0.759,0.597,0.125,0.063,2018
27,28,Brazil,Latin America and Caribbean,6.419,0.986,1.474,0.675,0.493,0.11,0.088,2018
28,29,Argentina,Latin America and Caribbean,6.388,1.073,1.468,0.744,0.57,0.062,0.054,2018
29,30,Guatemala,Latin America and Caribbean,6.382,0.781,1.268,0.608,0.604,0.179,0.071,2018
30,31,Uruguay,Latin America and Caribbean,6.379,1.093,1.459,0.771,0.625,0.13,0.155,2018
31,32,Qatar,Middle East and Northern Africa,6.374,1.649,1.303,0.748,0.654,0.256,0.171,2018
32,33,Saudi Arabia,Middle East and Northern Africa,6.371,1.379,1.331,0.633,0.509,0.098,0.127,2018
33,34,Singapore,Southeastern Asia,6.343,1.529,1.451,1.008,0.631,0.261,0.457,2018
34,35,Malaysia,Southeastern Asia,6.322,1.161,1.258,0.669,0.356,0.311,0.059,2018
35,36,Spain,Western Europe,6.31,1.251,1.538,0.965,0.449,0.142,0.074,2018
36,37,Colombia,Latin America and Caribbean,6.26,0.96,1.439,0.635,0.531,0.099,0.039,2018
38,39,Slovakia,Central and Eastern Europe,6.173,1.21,1.537,0.776,0.354,0.118,0.014,2018
39,40,El Salvador,Latin America and Caribbean,6.167,0.806,1.231,0.639,0.461,0.065,0.082,2018
40,41,Nicaragua,Latin America and Caribbean,6.141,0.668,1.319,0.7,0.527,0.208,0.128,2018
41,42,Poland,Central and Eastern Europe,6.123,1.176,1.448,0.781,0.546,0.108,0.064,2018
42,43,Bahrain,Middle East and Northern Africa,6.105,1.338,1.366,0.698,0.594,0.243,0.123,2018
43,44,Uzbekistan,Central and Eastern Europe,6.096,0.719,1.584,0.605,0.724,0.328,0.259,2018
44,45,Kuwait,Middle East and Northern Africa,6.083,1.474,1.301,0.675,0.554,0.167,0.106,2018
45,46,Thailand,Southeastern Asia,6.072,1.016,1.417,0.707,0.637,0.364,0.029,2018
46,47,Italy,Western Europe,6.0,1.264,1.501,0.946,0.281,0.137,0.028,2018
47,48,Ecuador,Latin America and Caribbean,5.973,0.889,1.33,0.736,0.556,0.114,0.12,2018
49,50,Lithuania,Central and Eastern Europe,5.952,1.197,1.527,0.716,0.35,0.026,0.006,2018
50,51,Slovenia,Central and Eastern Europe,5.948,1.219,1.506,0.856,0.633,0.16,0.051,2018
51,52,Romania,Central and Eastern Europe,5.945,1.116,1.219,0.726,0.528,0.088,0.001,2018
52,53,Latvia,Central and Eastern Europe,5.933,1.148,1.454,0.671,0.363,0.092,0.066,2018
53,54,Japan,Eastern Asia,5.915,1.294,1.462,0.988,0.553,0.079,0.15,2018
54,55,Mauritius,Sub-Saharan Africa,5.891,1.09,1.387,0.684,0.584,0.245,0.05,2018
55,56,Jamaica,Latin America and Caribbean,5.89,0.819,1.493,0.693,0.575,0.096,0.031,2018
56,57,South Korea,Eastern Asia,5.875,1.266,1.204,0.955,0.244,0.175,0.051,2018
58,59,Russia,Central and Eastern Europe,5.81,1.151,1.479,0.599,0.399,0.065,0.025,2018
59,60,Kazakhstan,Central and Eastern Europe,5.79,1.143,1.516,0.631,0.454,0.148,0.121,2018
60,61,Cyprus,Western Europe,5.762,1.229,1.191,0.909,0.423,0.202,0.035,2018
61,62,Bolivia,Latin America and Caribbean,5.752,0.751,1.223,0.508,0.606,0.141,0.054,2018
62,63,Estonia,Central and Eastern Europe,5.739,1.2,1.532,0.737,0.553,0.086,0.174,2018
63,64,Paraguay,Latin America and Caribbean,5.681,0.835,1.522,0.615,0.541,0.162,0.074,2018
64,65,Peru,Latin America and Caribbean,5.663,0.934,1.249,0.674,0.53,0.092,0.034,2018
65,66,Kosovo,Central and Eastern Europe,5.662,0.855,1.23,0.578,0.448,0.274,0.023,2018
66,67,Moldova,Central and Eastern Europe,5.64,0.657,1.301,0.62,0.232,0.171,0.0,2018
67,68,Turkmenistan,Central and Eastern Europe,5.636,1.016,1.533,0.517,0.417,0.199,0.037,2018
68,69,Hungary,Central and Eastern Europe,5.62,1.171,1.401,0.732,0.259,0.061,0.022,2018
69,70,Libya,Middle East and Northern Africa,5.566,0.985,1.35,0.553,0.496,0.116,0.148,2018
70,71,Philippines,Southeastern Asia,5.524,0.775,1.312,0.513,0.643,0.12,0.105,2018
71,72,Honduras,Latin America and Caribbean,5.504,0.62,1.205,0.622,0.459,0.197,0.074,2018
72,73,Belarus,Central and Eastern Europe,5.483,1.039,1.498,0.7,0.307,0.101,0.154,2018
73,74,Turkey,Middle East and Northern Africa,5.483,1.148,1.38,0.686,0.324,0.106,0.109,2018
74,75,Pakistan,Southern Asia,5.472,0.652,0.81,0.424,0.334,0.216,0.113,2018
75,76,Hong Kong,Eastern Asia,5.43,1.405,1.29,1.03,0.524,0.246,0.291,2018
76,77,Portugal,Western Europe,5.41,1.188,1.429,0.884,0.562,0.055,0.017,2018
77,78,Serbia,Central and Eastern Europe,5.398,0.975,1.369,0.685,0.288,0.134,0.043,2018
78,79,Greece,Western Europe,5.358,1.154,1.202,0.879,0.131,0.0,0.044,2018
79,80,Lebanon,Middle East and Northern Africa,5.358,0.965,1.179,0.785,0.503,0.214,0.136,2018
80,81,Montenegro,Central and Eastern Europe,5.347,1.017,1.279,0.729,0.259,0.111,0.081,2018
81,82,Croatia,Central and Eastern Europe,5.321,1.115,1.161,0.737,0.38,0.12,0.039,2018
82,83,Dominican Republic,Latin America and Caribbean,5.302,0.982,1.441,0.614,0.578,0.12,0.106,2018
83,84,Algeria,Middle East and Northern Africa,5.295,0.979,1.154,0.687,0.077,0.055,0.135,2018
84,85,Morocco,Middle East and Northern Africa,5.254,0.779,0.797,0.669,0.46,0.026,0.074,2018
85,86,China,Eastern Asia,5.246,0.989,1.142,0.799,0.597,0.029,0.103,2018
86,87,Azerbaijan,Central and Eastern Europe,5.201,1.024,1.161,0.603,0.43,0.031,0.176,2018
87,88,Tajikistan,Central and Eastern Europe,5.199,0.474,1.166,0.598,0.292,0.187,0.034,2018
88,89,Macedonia,Central and Eastern Europe,5.185,0.959,1.239,0.691,0.394,0.173,0.052,2018
89,90,Jordan,Middle East and Northern Africa,5.161,0.822,1.265,0.645,0.468,0.13,0.134,2018
90,91,Nigeria,Sub-Saharan Africa,5.155,0.689,1.172,0.048,0.462,0.201,0.032,2018
91,92,Kyrgyzstan,Central and Eastern Europe,5.131,0.53,1.416,0.594,0.54,0.281,0.035,2018
92,93,Bosnia and Herzegovina,Central and Eastern Europe,5.129,0.915,1.078,0.758,0.28,0.216,0.0,2018
93,94,Mongolia,Eastern Asia,5.125,0.914,1.517,0.575,0.395,0.253,0.032,2018
94,95,Vietnam,Southeastern Asia,5.103,0.715,1.365,0.702,0.618,0.177,0.079,2018
95,96,Indonesia,Southeastern Asia,5.093,0.899,1.215,0.522,0.538,0.484,0.018,2018
96,97,Bhutan,Southern Asia,5.082,0.796,1.335,0.527,0.541,0.364,0.171,2018
98,99,Cameroon,Sub-Saharan Africa,4.975,0.535,0.891,0.182,0.454,0.183,0.043,2018
99,100,Bulgaria,Central and Eastern Europe,4.933,1.054,1.515,0.712,0.359,0.064,0.009,2018
100,101,Nepal,Southern Asia,4.88,0.425,1.228,0.539,0.526,0.302,0.078,2018
101,102,Venezuela,Latin America and Caribbean,4.806,0.996,1.469,0.657,0.133,0.056,0.052,2018
102,103,Gabon,Sub-Saharan Africa,4.758,1.036,1.164,0.404,0.356,0.032,0.052,2018
103,104,Palestinian Territories,Middle East and Northern Africa,4.743,0.642,1.217,0.602,0.266,0.086,0.076,2018
104,105,South Africa,Sub-Saharan Africa,4.724,0.94,1.41,0.33,0.516,0.103,0.056,2018
105,106,Iran,Middle East and Northern Africa,4.707,1.059,0.771,0.691,0.459,0.282,0.129,2018
106,107,Ivory Coast,Sub-Saharan Africa,4.671,0.541,0.872,0.08,0.467,0.146,0.103,2018
107,108,Ghana,Sub-Saharan Africa,4.657,0.592,0.896,0.337,0.499,0.212,0.029,2018
108,109,Senegal,Sub-Saharan Africa,4.631,0.429,1.117,0.433,0.406,0.138,0.082,2018
109,110,Laos,Southeastern Asia,4.623,0.72,1.034,0.441,0.626,0.23,0.174,2018
110,111,Tunisia,Middle East and Northern Africa,4.592,0.9,0.906,0.69,0.271,0.04,0.063,2018
111,112,Albania,Central and Eastern Europe,4.586,0.916,0.817,0.79,0.419,0.149,0.032,2018
112,113,Sierra Leone,Sub-Saharan Africa,4.571,0.256,0.813,0.0,0.355,0.238,0.053,2018
113,114,Congo (Brazzaville),Sub-Saharan Africa,4.559,0.682,0.811,0.343,0.514,0.091,0.077,2018
114,115,Bangladesh,Southern Asia,4.5,0.532,0.85,0.579,0.58,0.153,0.144,2018
115,116,Sri Lanka,Southern Asia,4.471,0.918,1.314,0.672,0.585,0.307,0.05,2018
116,117,Iraq,Middle East and Northern Africa,4.456,1.01,0.971,0.536,0.304,0.148,0.095,2018
117,118,Mali,Sub-Saharan Africa,4.447,0.37,1.233,0.152,0.367,0.139,0.056,2018
119,120,Cambodia,Southeastern Asia,4.433,0.549,1.088,0.457,0.696,0.256,0.065,2018
120,121,Burkina Faso,Sub-Saharan Africa,4.424,0.314,1.097,0.254,0.312,0.175,0.128,2018
121,122,Egypt,Middle East and Northern Africa,4.419,0.885,1.025,0.553,0.312,0.092,0.107,2018
122,123,Mozambique,Sub-Saharan Africa,4.417,0.198,0.902,0.173,0.531,0.206,0.158,2018
123,124,Kenya,Sub-Saharan Africa,4.41,0.493,1.048,0.454,0.504,0.352,0.055,2018
124,125,Zambia,Sub-Saharan Africa,4.377,0.562,1.047,0.295,0.503,0.221,0.082,2018
125,126,Mauritania,Sub-Saharan Africa,4.356,0.557,1.245,0.292,0.129,0.134,0.093,2018
126,127,Ethiopia,Sub-Saharan Africa,4.35,0.308,0.95,0.391,0.452,0.22,0.146,2018
127,128,Georgia,Central and Eastern Europe,4.34,0.853,0.592,0.643,0.375,0.038,0.215,2018
128,129,Armenia,Central and Eastern Europe,4.321,0.816,0.99,0.666,0.26,0.077,0.028,2018
129,130,Myanmar,Southeastern Asia,4.308,0.682,1.174,0.429,0.58,0.598,0.178,2018
130,131,Chad,Sub-Saharan Africa,4.301,0.358,0.907,0.053,0.189,0.181,0.06,2018
131,132,Congo (Kinshasa),Sub-Saharan Africa,4.245,0.069,1.136,0.204,0.312,0.197,0.052,2018
132,133,India,Southern Asia,4.19,0.721,0.747,0.485,0.539,0.172,0.093,2018
133,134,Niger,Sub-Saharan Africa,4.166,0.131,0.867,0.221,0.39,0.175,0.099,2018
134,135,Uganda,Sub-Saharan Africa,4.161,0.322,1.09,0.237,0.45,0.259,0.061,2018
135,136,Benin,Sub-Saharan Africa,4.141,0.378,0.372,0.24,0.44,0.163,0.067,2018
136,137,Sudan,Sub-Saharan Africa,4.139,0.605,1.24,0.312,0.016,0.134,0.082,2018
137,138,Ukraine,Central and Eastern Europe,4.103,0.793,1.413,0.609,0.163,0.187,0.011,2018
138,139,Togo,Sub-Saharan Africa,3.999,0.259,0.474,0.253,0.434,0.158,0.101,2018
139,140,Guinea,Sub-Saharan Africa,3.964,0.344,0.792,0.211,0.394,0.185,0.094,2018
140,141,Lesotho,Sub-Saharan Africa,3.808,0.472,1.215,0.079,0.423,0.116,0.112,2018
141,142,Angola,Sub-Saharan Africa,3.795,0.73,1.125,0.269,0.0,0.079,0.061,2018
142,143,Madagascar,Sub-Saharan Africa,3.774,0.262,0.908,0.402,0.221,0.155,0.049,2018
143,144,Zimbabwe,Sub-Saharan Africa,3.692,0.357,1.094,0.248,0.406,0.132,0.099,2018
144,145,Afghanistan,Southern Asia,3.632,0.332,0.537,0.255,0.085,0.191,0.036,2018
145,146,Botswana,Sub-Saharan Africa,3.59,1.017,1.174,0.417,0.557,0.042,0.092,2018
146,147,Malawi,Sub-Saharan Africa,3.587,0.186,0.541,0.306,0.531,0.21,0.08,2018
147,148,Haiti,Latin America and Caribbean,3.582,0.315,0.714,0.289,0.025,0.392,0.104,2018
148,149,Liberia,Sub-Saharan Africa,3.495,0.076,0.858,0.267,0.419,0.206,0.03,2018
149,150,Syria,Middle East and Northern Africa,3.462,0.689,0.382,0.539,0.088,0.376,0.144,2018
150,151,Rwanda,Sub-Saharan Africa,3.408,0.332,0.896,0.4,0.636,0.2,0.444,2018
151,152,Yemen,Middle East and Northern Africa,3.355,0.442,1.073,0.343,0.244,0.083,0.064,2018
152,153,Tanzania,Sub-Saharan Africa,3.303,0.455,0.991,0.381,0.481,0.27,0.097,2018
154,155,Central African Republic,Sub-Saharan Africa,3.083,0.024,0.0,0.01,0.305,0.218,0.038,2018
155,156,Burundi,Sub-Saharan Africa,2.905,0.091,0.627,0.145,0.065,0.149,0.076,2018
156,1,Switzerland,Western Europe,7.587,1.39651,1.34951,0.94143,0.66557,0.29678,0.41978,2015
157,2,Iceland,Western Europe,7.561,1.30232,1.40223,0.94784,0.62877,0.4363,0.14145,2015
158,3,Denmark,Western Europe,7.527,1.32548,1.36058,0.87464,0.64938,0.34139,0.48357,2015
159,4,Norway,Western Europe,7.522,1.459,1.33095,0.88521,0.66973,0.34699,0.36503,2015
160,5,Canada,North America,7.427,1.32629,1.32261,0.90563,0.63297,0.45811,0.32957,2015
161,6,Finland,Western Europe,7.406,1.29025,1.31826,0.88911,0.64169,0.23351,0.41372,2015
162,7,Netherlands,Western Europe,7.378,1.32944,1.28017,0.89284,0.61576,0.4761,0.31814,2015
163,8,Sweden,Western Europe,7.364,1.33171,1.28907,0.91087,0.6598,0.36262,0.43844,2015
164,9,New Zealand,Australia and New Zealand,7.286,1.25018,1.31967,0.90837,0.63938,0.47501,0.42922,2015
165,10,Australia,Australia and New Zealand,7.284,1.33358,1.30923,0.93156,0.65124,0.43562,0.35637,2015
166,11,Israel,Middle East and Northern Africa,7.278,1.22857,1.22393,0.91387,0.41319,0.33172,0.07785,2015
167,12,Costa Rica,Latin America and Caribbean,7.226,0.95578,1.23788,0.86027,0.63376,0.25497,0.10583,2015
168,13,Austria,Western Europe,7.2,1.33723,1.29704,0.89042,0.62433,0.33088,0.18676,2015
169,14,Mexico,Latin America and Caribbean,7.187,1.02054,0.91451,0.81444,0.48181,0.14074,0.21312,2015
170,15,United States,North America,7.119,1.39451,1.24711,0.86179,0.54604,0.40105,0.1589,2015
171,16,Brazil,Latin America and Caribbean,6.983,0.98124,1.23287,0.69702,0.49049,0.14574,0.17521,2015
172,17,Luxembourg,Western Europe,6.946,1.56391,1.21963,0.91894,0.61583,0.28034,0.37798,2015
173,18,Ireland,Western Europe,6.94,1.33596,1.36948,0.89533,0.61777,0.45901,0.28703,2015
174,19,Belgium,Western Europe,6.937,1.30782,1.28566,0.89667,0.5845,0.2225,0.2254,2015
175,20,United Arab Emirates,Middle East and Northern Africa,6.901,1.42727,1.12575,0.80925,0.64157,0.26428,0.38583,2015
176,21,United Kingdom,Western Europe,6.867,1.26637,1.28548,0.90943,0.59625,0.51912,0.32067,2015
177,22,Oman,Middle East and Northern Africa,6.853,1.36011,1.08182,0.76276,0.63274,0.21542,0.32524,2015
178,23,Venezuela,Latin America and Caribbean,6.81,1.04424,1.25596,0.72052,0.42908,0.05841,0.11069,2015
179,24,Singapore,Southeastern Asia,6.798,1.52186,1.02,1.02525,0.54252,0.31105,0.4921,2015
180,25,Panama,Latin America and Caribbean,6.786,1.06353,1.1985,0.79661,0.5421,0.24434,0.0927,2015
181,26,Germany,Western Europe,6.75,1.32792,1.29937,0.89186,0.61477,0.28214,0.21843,2015
182,27,Chile,Latin America and Caribbean,6.67,1.10715,1.12447,0.85857,0.44132,0.33363,0.12869,2015
183,28,Qatar,Middle East and Northern Africa,6.611,1.69042,1.0786,0.79733,0.6404,0.32573,0.52208,2015
184,29,France,Western Europe,6.575,1.27778,1.26038,0.94579,0.55011,0.12332,0.20646,2015
185,30,Argentina,Latin America and Caribbean,6.574,1.05351,1.24823,0.78723,0.44974,0.11451,0.08484,2015
186,31,Czech Republic,Central and Eastern Europe,6.505,1.17898,1.20643,0.84483,0.46364,0.10686,0.02652,2015
187,32,Uruguay,Latin America and Caribbean,6.485,1.06166,1.2089,0.8116,0.60362,0.2324,0.24558,2015
188,33,Colombia,Latin America and Caribbean,6.477,0.91861,1.24018,0.69077,0.53466,0.18401,0.0512,2015
189,34,Thailand,Southeastern Asia,6.455,0.9669,1.26504,0.7385,0.55664,0.5763,0.03187,2015
190,35,Saudi Arabia,Middle East and Northern Africa,6.411,1.39541,1.08393,0.72025,0.31048,0.13706,0.32524,2015
191,36,Spain,Western Europe,6.329,1.23011,1.31379,0.95562,0.45951,0.18227,0.06398,2015
192,37,Malta,Western Europe,6.302,1.2074,1.30203,0.88721,0.60365,0.51752,0.13586,2015
193,38,Taiwan,Eastern Asia,6.298,1.29098,1.07617,0.8753,0.3974,0.25376,0.08129,2015
194,39,Kuwait,Middle East and Northern Africa,6.295,1.55422,1.16594,0.72492,0.55499,0.16228,0.25609,2015
195,40,Suriname,Latin America and Caribbean,6.269,0.99534,0.972,0.6082,0.59657,0.16991,0.13633,2015
196,41,Trinidad and Tobago,Latin America and Caribbean,6.168,1.21183,1.18354,0.61483,0.55884,0.31844,0.0114,2015
197,42,El Salvador,Latin America and Caribbean,6.13,0.76454,1.02507,0.67737,0.4035,0.10692,0.11776,2015
198,43,Guatemala,Latin America and Caribbean,6.123,0.74553,1.04356,0.64425,0.57733,0.27489,0.09472,2015
199,44,Uzbekistan,Central and Eastern Europe,6.003,0.63244,1.34043,0.59772,0.65821,0.22837,0.30826,2015
200,45,Slovakia,Central and Eastern Europe,5.995,1.16891,1.26999,0.78902,0.31751,0.16893,0.03431,2015
201,46,Japan,Eastern Asia,5.987,1.27074,1.25712,0.99111,0.49615,0.10705,0.1806,2015
202,47,South Korea,Eastern Asia,5.984,1.24461,0.95774,0.96538,0.33208,0.18557,0.07857,2015
203,48,Ecuador,Latin America and Caribbean,5.975,0.86402,0.99903,0.79075,0.48574,0.11541,0.1809,2015
204,49,Bahrain,Middle East and Northern Africa,5.96,1.32376,1.21624,0.74716,0.45492,0.17362,0.306,2015
205,50,Italy,Western Europe,5.948,1.25114,1.19777,0.95446,0.26236,0.22823,0.02901,2015
206,51,Bolivia,Latin America and Caribbean,5.89,0.68133,0.97841,0.5392,0.57414,0.20536,0.088,2015
207,52,Moldova,Central and Eastern Europe,5.889,0.59448,1.01528,0.61826,0.32818,0.20951,0.01615,2015
208,53,Paraguay,Latin America and Caribbean,5.878,0.75985,1.30477,0.66098,0.53899,0.3424,0.08242,2015
209,54,Kazakhstan,Central and Eastern Europe,5.855,1.12254,1.12241,0.64368,0.51649,0.11827,0.08454,2015
210,55,Slovenia,Central and Eastern Europe,5.848,1.18498,1.27385,0.87337,0.60855,0.25328,0.03787,2015
211,56,Lithuania,Central and Eastern Europe,5.833,1.14723,1.25745,0.73128,0.21342,0.02641,0.01031,2015
212,57,Nicaragua,Latin America and Caribbean,5.828,0.59325,1.14184,0.74314,0.55475,0.27815,0.19317,2015
213,58,Peru,Latin America and Caribbean,5.824,0.90019,0.97459,0.73017,0.41496,0.14982,0.05989,2015
214,59,Belarus,Central and Eastern Europe,5.813,1.03192,1.23289,0.73608,0.37938,0.11046,0.1909,2015
215,60,Poland,Central and Eastern Europe,5.791,1.12555,1.27948,0.77903,0.53122,0.16759,0.04212,2015
216,61,Malaysia,Southeastern Asia,5.77,1.12486,1.07023,0.72394,0.53024,0.33075,0.10501,2015
217,62,Croatia,Central and Eastern Europe,5.759,1.08254,0.79624,0.78805,0.25883,0.05444,0.0243,2015
218,63,Libya,Middle East and Northern Africa,5.754,1.13145,1.11862,0.7038,0.41668,0.18295,0.11023,2015
219,64,Russia,Central and Eastern Europe,5.716,1.13764,1.23617,0.66926,0.36679,0.00199,0.03005,2015
220,65,Jamaica,Latin America and Caribbean,5.709,0.81038,1.15102,0.68741,0.50442,0.2123,0.02299,2015
221,66,North Cyprus,Western Europe,5.695,1.20806,1.07008,0.92356,0.49027,0.26169,0.1428,2015
222,67,Cyprus,Western Europe,5.689,1.20813,0.89318,0.92356,0.40672,0.30638,0.06146,2015
223,68,Algeria,Middle East and Northern Africa,5.605,0.93929,1.07772,0.61766,0.28579,0.07822,0.17383,2015
224,69,Kosovo,Central and Eastern Europe,5.589,0.80148,0.81198,0.63132,0.24749,0.2831,0.04741,2015
225,70,Turkmenistan,Central and Eastern Europe,5.548,0.95847,1.22668,0.53886,0.4761,0.16979,0.30844,2015
226,71,Mauritius,Sub-Saharan Africa,5.477,1.00761,0.98521,0.7095,0.56066,0.37744,0.07521,2015
227,72,Hong Kong,Eastern Asia,5.474,1.38604,1.05818,1.01328,0.59608,0.39478,0.37124,2015
228,73,Estonia,Central and Eastern Europe,5.429,1.15174,1.22791,0.77361,0.44888,0.0868,0.15184,2015
229,74,Indonesia,Southeastern Asia,5.399,0.82827,1.08708,0.63793,0.46611,0.51535,0.0,2015
230,75,Vietnam,Southeastern Asia,5.36,0.63216,0.91226,0.74676,0.59444,0.1686,0.10441,2015
231,76,Turkey,Middle East and Northern Africa,5.332,1.06098,0.94632,0.73172,0.22815,0.12253,0.15746,2015
232,77,Kyrgyzstan,Central and Eastern Europe,5.286,0.47428,1.15115,0.65088,0.43477,0.3003,0.04232,2015
233,78,Nigeria,Sub-Saharan Africa,5.268,0.65435,0.90432,0.16007,0.34334,0.27233,0.0403,2015
234,79,Bhutan,Southern Asia,5.253,0.77042,1.10395,0.57407,0.53206,0.47998,0.15445,2015
235,80,Azerbaijan,Central and Eastern Europe,5.212,1.02389,0.93793,0.64045,0.3703,0.07799,0.16065,2015
236,81,Pakistan,Southern Asia,5.194,0.59543,0.41411,0.51466,0.12102,0.33671,0.10464,2015
237,82,Jordan,Middle East and Northern Africa,5.192,0.90198,1.05392,0.69639,0.40661,0.11053,0.14293,2015
238,82,Montenegro,Central and Eastern Europe,5.192,0.97438,0.90557,0.72521,0.1826,0.1614,0.14296,2015
239,84,China,Eastern Asia,5.14,0.89012,0.94675,0.81658,0.51697,0.08185,0.02781,2015
240,85,Zambia,Sub-Saharan Africa,5.129,0.47038,0.91612,0.29924,0.48827,0.19591,0.12468,2015
241,86,Romania,Central and Eastern Europe,5.124,1.04345,0.88588,0.7689,0.35068,0.13748,0.00649,2015
242,87,Serbia,Central and Eastern Europe,5.123,0.92053,1.00964,0.74836,0.20107,0.19231,0.02617,2015
243,88,Portugal,Western Europe,5.102,1.15991,1.13935,0.87519,0.51469,0.13719,0.01078,2015
244,89,Latvia,Central and Eastern Europe,5.098,1.11312,1.09562,0.72437,0.29671,0.18226,0.06332,2015
245,90,Philippines,Southeastern Asia,5.073,0.70532,1.03516,0.58114,0.62545,0.24991,0.12279,2015
246,91,Somaliland region,Sub-Saharan Africa,5.057,0.18847,0.95152,0.43873,0.46582,0.50318,0.39928,2015
247,92,Morocco,Middle East and Northern Africa,5.013,0.73479,0.64095,0.60954,0.41691,0.07172,0.08546,2015
248,93,Macedonia,Central and Eastern Europe,5.007,0.91851,1.00232,0.73545,0.33457,0.22359,0.05327,2015
249,94,Mozambique,Sub-Saharan Africa,4.971,0.08308,1.02626,0.09131,0.34037,0.22269,0.15603,2015
250,95,Albania,Central and Eastern Europe,4.959,0.87867,0.80434,0.81325,0.35733,0.14272,0.06413,2015
251,96,Bosnia and Herzegovina,Central and Eastern Europe,4.949,0.83223,0.91916,0.79081,0.09245,0.24808,0.00227,2015
252,97,Lesotho,Sub-Saharan Africa,4.898,0.37545,1.04103,0.07612,0.31767,0.16388,0.12504,2015
253,98,Dominican Republic,Latin America and Caribbean,4.885,0.89537,1.17202,0.66825,0.57672,0.21684,0.14234,2015
254,99,Laos,Southeastern Asia,4.876,0.59066,0.73803,0.54909,0.59591,0.42192,0.24249,2015
255,100,Mongolia,Eastern Asia,4.874,0.82819,1.3006,0.60268,0.43626,0.3323,0.02666,2015
256,101,Swaziland,Sub-Saharan Africa,4.867,0.71206,1.07284,0.07566,0.30658,0.18259,0.0306,2015
257,102,Greece,Western Europe,4.857,1.15406,0.92933,0.88213,0.07699,0.0,0.01397,2015
258,103,Lebanon,Middle East and Northern Africa,4.839,1.02564,0.80001,0.83947,0.33916,0.21854,0.04582,2015
259,104,Hungary,Central and Eastern Europe,4.8,1.12094,1.20215,0.75905,0.32112,0.128,0.02758,2015
260,105,Honduras,Latin America and Caribbean,4.788,0.59532,0.95348,0.6951,0.40148,0.23027,0.06825,2015
261,106,Tajikistan,Central and Eastern Europe,4.786,0.39047,0.85563,0.57379,0.47216,0.22974,0.15072,2015
262,107,Tunisia,Middle East and Northern Africa,4.739,0.88113,0.60429,0.73793,0.26268,0.06431,0.06358,2015
263,108,Palestinian Territories,Middle East and Northern Africa,4.715,0.59867,0.92558,0.66015,0.24499,0.11251,0.12905,2015
264,109,Bangladesh,Southern Asia,4.694,0.39753,0.43106,0.60164,0.4082,0.21222,0.12569,2015
265,110,Iran,Middle East and Northern Africa,4.686,1.0088,0.54447,0.69805,0.30033,0.38086,0.05863,2015
266,111,Ukraine,Central and Eastern Europe,4.681,0.79907,1.20278,0.6739,0.25123,0.15275,0.02961,2015
267,112,Iraq,Middle East and Northern Africa,4.677,0.98549,0.81889,0.60237,0.0,0.17922,0.13788,2015
268,113,South Africa,Sub-Saharan Africa,4.642,0.92049,1.18468,0.27688,0.33207,0.11973,0.08884,2015
269,114,Ghana,Sub-Saharan Africa,4.633,0.54558,0.67954,0.40132,0.42342,0.23087,0.04355,2015
270,115,Zimbabwe,Sub-Saharan Africa,4.61,0.271,1.03276,0.33475,0.25861,0.18987,0.08079,2015
271,116,Liberia,Sub-Saharan Africa,4.571,0.0712,0.78968,0.34201,0.28531,0.24362,0.06232,2015
272,117,India,Southern Asia,4.565,0.64499,0.38174,0.51529,0.39786,0.26475,0.08492,2015
273,118,Sudan,Sub-Saharan Africa,4.55,0.52107,1.01404,0.36878,0.10081,0.19062,0.1466,2015
274,119,Haiti,Latin America and Caribbean,4.518,0.26673,0.74302,0.38847,0.24425,0.46187,0.17175,2015
275,120,Congo (Kinshasa),Sub-Saharan Africa,4.517,0.0,1.0012,0.09806,0.22605,0.24834,0.07625,2015
276,121,Nepal,Southern Asia,4.514,0.35997,0.86449,0.56874,0.38282,0.32296,0.05907,2015
277,122,Ethiopia,Sub-Saharan Africa,4.512,0.19073,0.60406,0.44055,0.4345,0.24325,0.15048,2015
278,123,Sierra Leone,Sub-Saharan Africa,4.507,0.33024,0.95571,0.0,0.4084,0.21488,0.08786,2015
279,124,Mauritania,Sub-Saharan Africa,4.436,0.45407,0.86908,0.35874,0.24232,0.219,0.17461,2015
280,125,Kenya,Sub-Saharan Africa,4.419,0.36471,0.99876,0.41435,0.42215,0.37542,0.05839,2015
281,126,Djibouti,Sub-Saharan Africa,4.369,0.44025,0.59207,0.36291,0.46074,0.18093,0.28105,2015
282,127,Armenia,Central and Eastern Europe,4.35,0.76821,0.77711,0.7299,0.19847,0.07855,0.039,2015
283,128,Botswana,Sub-Saharan Africa,4.332,0.99355,1.10464,0.04776,0.49495,0.10461,0.12474,2015
284,129,Myanmar,Southeastern Asia,4.307,0.27108,0.70905,0.48246,0.44017,0.79588,0.19034,2015
285,130,Georgia,Central and Eastern Europe,4.297,0.7419,0.38562,0.72926,0.40577,0.05547,0.38331,2015
286,131,Malawi,Sub-Saharan Africa,4.292,0.01604,0.41134,0.22562,0.43054,0.33128,0.06977,2015
287,132,Sri Lanka,Southern Asia,4.271,0.83524,1.01905,0.70806,0.53726,0.40828,0.09179,2015
288,133,Cameroon,Sub-Saharan Africa,4.252,0.4225,0.88767,0.23402,0.49309,0.20618,0.05786,2015
289,134,Bulgaria,Central and Eastern Europe,4.218,1.01216,1.10614,0.76649,0.30587,0.11921,0.00872,2015
290,135,Egypt,Middle East and Northern Africa,4.194,0.8818,0.747,0.61712,0.17288,0.11291,0.06324,2015
291,136,Yemen,Middle East and Northern Africa,4.077,0.54649,0.68093,0.40064,0.35571,0.09131,0.07854,2015
292,137,Angola,Sub-Saharan Africa,4.033,0.75778,0.8604,0.16683,0.10384,0.12344,0.07122,2015
293,138,Mali,Sub-Saharan Africa,3.995,0.26074,1.03526,0.20583,0.38857,0.18798,0.12352,2015
294,139,Congo (Brazzaville),Sub-Saharan Africa,3.989,0.67866,0.6629,0.31051,0.41466,0.12388,0.11686,2015
295,140,Comoros,Sub-Saharan Africa,3.956,0.23906,0.79273,0.36315,0.22917,0.17441,0.199,2015
296,141,Uganda,Sub-Saharan Africa,3.931,0.21102,1.13299,0.33861,0.45727,0.29066,0.07267,2015
297,142,Senegal,Sub-Saharan Africa,3.904,0.36498,0.97619,0.4354,0.36772,0.20843,0.10713,2015
298,143,Gabon,Sub-Saharan Africa,3.896,1.06024,0.90528,0.43372,0.31914,0.06822,0.11091,2015
299,144,Niger,Sub-Saharan Africa,3.845,0.0694,0.77265,0.29707,0.47692,0.19387,0.15639,2015
300,145,Cambodia,Southeastern Asia,3.819,0.46038,0.62736,0.61114,0.66246,0.40359,0.07247,2015
301,146,Tanzania,Sub-Saharan Africa,3.781,0.2852,1.00268,0.38215,0.32878,0.34377,0.05747,2015
302,147,Madagascar,Sub-Saharan Africa,3.681,0.20824,0.66801,0.46721,0.19184,0.21333,0.08124,2015
303,148,Central African Republic,Sub-Saharan Africa,3.678,0.0785,0.0,0.06699,0.48879,0.23835,0.08289,2015
304,149,Chad,Sub-Saharan Africa,3.667,0.34193,0.76062,0.1501,0.23501,0.18386,0.05269,2015
305,150,Guinea,Sub-Saharan Africa,3.656,0.17417,0.46475,0.24009,0.37725,0.28657,0.12139,2015
306,151,Ivory Coast,Sub-Saharan Africa,3.655,0.46534,0.77115,0.15185,0.46866,0.20165,0.17922,2015
307,152,Burkina Faso,Sub-Saharan Africa,3.587,0.25812,0.85188,0.27125,0.39493,0.21747,0.12832,2015
308,153,Afghanistan,Southern Asia,3.575,0.31982,0.30285,0.30335,0.23414,0.3651,0.09719,2015
309,154,Rwanda,Sub-Saharan Africa,3.465,0.22208,0.7737,0.42864,0.59201,0.22628,0.55191,2015
310,155,Benin,Sub-Saharan Africa,3.34,0.28665,0.35386,0.3191,0.4845,0.1826,0.0801,2015
311,156,Syria,Middle East and Northern Africa,3.006,0.6632,0.47489,0.72193,0.15684,0.47179,0.18906,2015
312,157,Burundi,Sub-Saharan Africa,2.905,0.0153,0.41587,0.22396,0.1185,0.19727,0.10062,2015
313,158,Togo,Sub-Saharan Africa,2.839,0.20868,0.13995,0.28443,0.36453,0.16681,0.10731,2015
